district,village
Баткен району,Ак-Сай
Баткен району,Капчыгай
Баткен району,Көк-Таш
Баткен району,Миң-Булак
Баткен району,Таштумшук
Баткен району,Үч-Дөбө
Баткен району,Ак-Татыр
Баткен району,Говсувар
Баткен району,Рават
Баткен району,Чек
Баткен району,Жаңы-Жер
Баткен району,Жаңырык
Баткен району,Кайыңды
Баткен району,Кан
Баткен району,Коргон-Таш
Баткен району,Сары-Талаа
Баткен району,Табылгы
Баткен району,Тунук-Суу
Баткен району,Кара-Бак
Баткен району,Бай Кара-Бак
Баткен району,Достук
Баткен району,Дөбө
Баткен району,Зардалы
Баткен району,Кызыл-Бел
Баткен району,Чет-Кызыл
Баткен району,Бужум
Баткен району,Кара-Булак
Баткен району,Таян
Баткен району,Газ
Баткен району,Кыштут
Баткен району,Сай
Баткен району,Согмент
Баткен району,Чарбак
Баткен району,Самаркандек
Баткен району,Жаңы-Бак
Баткен району,Миң-Өрүк
Баткен району,Паскы-Арык
Баткен району,Боз-Адыр
Баткен району,Айгүл-Таш
Баткен району,Апкан
Баткен району,Бөжөй
Баткен району,Кара-Токой
Баткен району,Ак-Өтөк
Баткен району,Ак-Турпак
Баткен району,Зар-Таш
Баткен району,Чоң-Гара
Баткен району,Чоң-Талаа
Кадамжай району,Айдаркен шаары
Кадамжай району,Пүлгөн
Кадамжай району,Таш-Кыя
Кадамжай району,Чал-Таш
Кадамжай району,Кара-Дөбө
Кадамжай району,Алыш
Кадамжай району,Какыр
Кадамжай району,Кожо
Кадамжай району,Кон
Кадамжай району,Лесхоз
Кадамжай району,Олагыш
Кадамжай району,Таш-Коргон
Кадамжай району,Жаңы-Жер
Кадамжай району,Ак-Турпак
Кадамжай району,Жаш-Тилек
Кадамжай району,Калача
Кадамжай району,Кара-Тумшук
Кадамжай району,Келечек
Кадамжай району,Кызыл-Коргон
Кадамжай району,Миң-Чынар
Кадамжай району,Өрүкзар
Кадамжай району,Өтүкчү
Кадамжай району,Сары-Камыш
Кадамжай району,Токой
Кадамжай району,Чогорок
Кадамжай району,Чоң-Кара
Кадамжай району,Алга
Кадамжай району,Адыр
Кадамжай району,Бөксө
Кадамжай району,Жаңы-Чек
Кадамжай району,Мыргылжек
Кадамжай району,Шак-Шак
Кадамжай району,Чуңкур-Кыштак
Кадамжай району,Ормош
Кадамжай району,Бел
Кадамжай району,Жал
Кадамжай району,Жаңы-Коргон
Кадамжай району,Жаңы-Сырт
Кадамжай району,Кичи-Айдаркен
Кадамжай району,Моло
Кадамжай району,Сур
Кадамжай району,Сырт
Кадамжай району,Тескей
Кадамжай району,Чечме
Кадамжай району,Ынтымак
Кадамжай району,Эшме
Кадамжай району,Кызыл-Булак
Кадамжай району,Ак-Кыя
Кадамжай району,Гайрат
Кадамжай району,Жалгыз-Булак
Кадамжай району,Кара-Оот
Кадамжай району,Кара-Шоро
Кадамжай району,Кескен-Таш
Кадамжай району,Көтөрмө
Кадамжай району,Тамаша
Кадамжай району,Лангар
Кадамжай району,Кыргыз-Кыштак
Кадамжай району,Бүргөндү ОПХ
Кадамжай району,Бүргөндү ПМК
Кадамжай району,Кайтпас
Кадамжай району,Кожо-Корум
Кадамжай району,Кара-Жыгач
Кадамжай району,Акимбек
Кадамжай району,Аустан
Кадамжай району,Бак
Кадамжай району,Жаңы-Абад
Кадамжай району,Исфайрам
Кадамжай району,Кара-Дөбө
Кадамжай району,Кара-Кыштак
Кадамжай району,Кароол
Кадамжай району,Кереге-Таш
Кадамжай району,Майдан
Кадамжай району,Пум
Кадамжай району,Сары-Алтын
Кадамжай району,Айрыбаз
Кадамжай району,Арпа-Сай
Кадамжай району,Достук
Кадамжай району,Көк-Талаа
Кадамжай району,Маяк
Кадамжай району,Пылдырак
Кадамжай району,Орозбеков
Кадамжай району,Кош-Дөбө
Кадамжай району,Кудук
Кадамжай району,Кулду
Кадамжай району,Өндүрүш
Кадамжай району,Сары-Талаа
Кадамжай району,Учкун
Кадамжай району,Совет
Кадамжай району,Үч-Коргон
Кадамжай району,Боз
Кадамжай району,Валакиш
Кадамжай району,Какыр
Кадамжай району,Калача
Кадамжай району,Калтак
Кадамжай району,Камбарабад
Кадамжай району,Разьезд
Кадамжай району,Сулайманабад
Кадамжай району,Сухана
Кадамжай району,Тажик-Кыштак
Кадамжай району,Чаувай
Кадамжай району,Жеңиш
Кадамжай району,Баймаала
Кадамжай району,Гүлдүрөмө
Кадамжай району,Жаңы-Айыл
Кадамжай району,Жошук
Кадамжай району,Ирилеш
Кадамжай району,Көк-Тал
Кадамжай району,Курулуш
Кадамжай району,Ак-Өргө
Кадамжай району,Таш-Дөбө
Кадамжай району,Ынтымак
Кадамжай району,Чекелик
Кадамжай району,Шады
Кадамжай району,Чаувай
Лейлек району,Голбо
Лейлек району,Самат
Лейлек району,Чимген
Лейлек району,Тайлан
Лейлек району,Ак-Босого
Лейлек району,Ак-Булак
Лейлек району,Ак-Суу
Лейлек району,Алга
Лейлек району,Жезкен
Лейлек району,Жеңиш
Лейлек району,Суу-Башы
Лейлек району,Бешкент
Лейлек району,Кайгарач
Лейлек району,Карл Маркс
Лейлек району,СССРдин 50 жылдыгы
Лейлек району,Эски-Оочу
Лейлек району,Центральное
Лейлек району,Арка
Лейлек району,Достук
Лейлек району,Катраң
Лейлек району,Жаңы-Турмуш
Лейлек району,Өзгөрүш
Лейлек району,Кулунду
Лейлек району,Булак-Башы
Лейлек району,Интернациональное
Лейлек району,Коммунизм
Лейлек району,Ленин
Лейлек району,Максат
Лейлек району,Коргон
Лейлек району,Ак-Терек
Лейлек району,Кара-Суу
Лейлек району,Лейлек
Лейлек району,Чуянчы
Лейлек району,Мурас
Лейлек району,Кереге-Таш
Лейлек району,Жети-Таш
Лейлек району,Үч-Булак
Лейлек району,Андарак
Лейлек району,Искра
Лейлек району,Сары-Дөбө
Лейлек району,Көк-Таш
Лейлек району,Тогуз-Булак
Лейлек району,Ай-Көл
Лейлек району,Кара-Булак
Лейлек району,Кыргызстандын 50 жылдыгы
Лейлек району,Маданият
Лейлек району,Чапаев
Баткен шаары,Булак-Башы
Баткен шаары,Кызыл-Жол
Баткен шаары,Базар-Башы
Кызыл-Кыя шаары,Караван
Кызыл-Кыя шаары,Ак-Булак
Кызыл-Кыя шаары,Жин-Жиген
Сүлүктү шаары,Кольцо
Аксы району,Ак-Дөбө
Аксы району,Жетиген
Аксы району,Күлүк-Дөбө
Аксы району,Курулуш
Аксы району,Мамай
Аксы району,Устукан
Аксы району,Авлетим
Аксы району,Байкашка-Терек
Аксы району,Дерес-Сай
Аксы району,Жаңгактуу-Булак
Аксы району,Ит-Агар
Аксы району,Коргон
Аксы району,Мукур
Аксы району,Тегирмен-Сай
Аксы району,Товар-Сай
Аксы району,Ак-Жол
Аксы району,Жолборсту
Аксы району,Кара-Тыт
Аксы району,Кечүү
Аксы району,Кызыл-Бейит
Аксы району,Күрп
Аксы району,Райкомол
Аксы району,Разан-Сай
Аксы району,Тегене
Аксы району,Ак-Суу
Аксы району,Ак-Сай
Аксы району,Коргон-Дөбө
Аксы району,Жаңы-Жол
Аксы району,Кой-Таш
Аксы району,Таштак
Аксы району,Терс
Аксы району,Жерге-Тал
Аксы району,Боспиек
Аксы району,Кызыл-Капчыгай
Аксы району,Кара-Жыгач
Аксы району,Дардак-Дөбө
Аксы району,Кара-Ой
Аксы району,Сыны
Аксы району,Тор-Камыш
Аксы району,Чарба
Аксы району,Кара-Суу
Аксы району,Жүзүмжан
Аксы району,Кезарт
Аксы району,Кызыл-Көл
Аксы району,Сай-Булуң
Аксы району,Топ-Жаңгак
Аксы району,Түрдүк
Аксы району,Чалдыбар
Аксы району,Чат
Аксы району,Кашка-Суу
Аксы району,Жаңы-Айыл
Аксы району,Кара-Дөбө
Аксы району,Кара-Башат
Аксы району,Өлөң-Булак
Аксы району,Согот
Аксы району,Тосту
Аксы району,Туюк-Жар
Аксы району,Чарбак
Аксы району,Кызыл-Туу
Аксы району,Аркыт
Аксы району,Жол-Сай
Аксы району,Жылгын
Аксы району,Атана
Аксы району,Жаңгак
Аксы району,Мундуз
Аксы району,Сары-Кашка
Аксы району,Семет
Аксы району,Таш-Жар
Аксы району,Торук
Аксы району,Улук
Аксы району,Чие
Аксы району,Жыл-Кол
Аксы району,Кум
Аксы району,Кызыл-Жар
Аксы району,Нарын
Ала-Бука району,Ак-Коргон
Ала-Бука району,Баястан
Ала-Бука району,Падек
Ала-Бука району,Сафедбулан
Ала-Бука району,Ак-Там
Ала-Бука району,Жапа-Салды
Ала-Бука району,Кызыл-Ата
Ала-Бука району,Ала-Бука
Ала-Бука району,Достук
Ала-Бука району,Сапалак
Ала-Бука району,Сары-Талаа
Ала-Бука району,Ак-Тайлак
Ала-Бука району,Бирлешкен
Ала-Бука району,Кош-Болот
Ала-Бука району,Сары-Кол
Ала-Бука району,Теңги
Ала-Бука району,Төлөкө
Ала-Бука району,Көк-Таш
Ала-Бука району,Булак-Башы
Ала-Бука району,Жалгыз-Өрүк
Ала-Бука району,Күлпөк-Сай
Ала-Бука району,Орто-Суу
Ала-Бука району,Чоң-Сай
Ала-Бука району,Өрүктү
Ала-Бука району,Кеңкол
Ала-Бука району,Орто-Токой
Ала-Бука району,Өрүктү-Сай
Ала-Бука району,Чолок-Тума
Ала-Бука району,Ажек
Ала-Бука району,Айры-Там
Ала-Бука району,Ак-Башат
Ала-Бука району,Алма-Бел
Ала-Бука району,Жаңы-Шаар
Ала-Бука району,Кара-Үңкүр
Ала-Бука району,Совет-Сай
Ала-Бука району,Баймак
Ала-Бука району,Кажар
Ала-Бука району,Кашкалак
Ала-Бука району,Келте
Ала-Бука району,Кош-Алмурут
Ала-Бука району,Кош-Терек
Ала-Бука району,Ызар
Базар-Коргон району,Базар-Коргон шаары
Базар-Коргон району,Жаңы-Акман
Базар-Коргон району,Жараке
Базар-Коргон району,Кайырма
Базар-Коргон району,Колот
Базар-Коргон району,Коргон-Жар
Базар-Коргон району,Кош-Коргон
Базар-Коргон району,Таш-Булак
Базар-Коргон району,Арстанбап
Базар-Коргон району,Ак-Терек
Базар-Коргон району,Бел-Терек
Базар-Коргон району,Гава
Базар-Коргон району,Гүмкана
Базар-Коргон району,Дашман
Базар-Коргон району,Жай-Терек
Базар-Коргон району,Жарадар
Базар-Коргон району,Бешик-Жон
Базар-Коргон району,Баймундуз
Базар-Коргон району,Жон
Базар-Коргон району,Карача
Базар-Коргон району,Көк-Алма
Базар-Коргон району,Биринчи Май
Базар-Коргон району,Шыдыр
Базар-Коргон району,Кара-Жыгач
Базар-Коргон району,Кызыл-Октябрь
Базар-Коргон району,Коткор
Базар-Коргон району,Могол-Коргон
Базар-Коргон району,Сейитказы
Базар-Коргон району,Кызыл-Үңкүр
Базар-Коргон району,Ак-Булак
Базар-Коргон району,Жаз-Кечүү
Базар-Коргон району,Катар-Жаңгак
Базар-Коргон району,Көсө-Терек
Базар-Коргон району,Бувакол
Базар-Коргон району,Кайнар
Базар-Коргон району,Кара-Ой
Базар-Коргон району,Кызыл-Суу
Базар-Коргон району,Көктоңду
Базар-Коргон району,Чарбак
Базар-Коргон району,Чкалов
Базар-Коргон району,Сайдыкум
Базар-Коргон району,Аркалык
Базар-Коргон району,Дукур
Базар-Коргон району,Жаңы-Абад
Базар-Коргон району,Жаш-Ленин
Базар-Коргон району,Кыргыз-Каба
Базар-Коргон району,Кызыл-Ай
Базар-Коргон району,Тойчубек-Чек
Базар-Коргон району,Төш
Базар-Коргон району,Турпак-Коргон
Базар-Коргон району,Хажир-Абад
Базар-Коргон району,Чек
Базар-Коргон району,Чоң-Курулуш
Базар-Коргон району,Ак-Терек
Базар-Коргон району,Ак-Тыт
Базар-Коргон району,Каба
Базар-Коргон району,Катар-Жаңгак
Базар-Коргон району,Көк-Алма
Базар-Коргон району,Кыргоо
Базар-Коргон району,Сары-Жайык
Базар-Коргон району,Үч-Булак
Ноокен району,Кочкор-Ата шаары
Ноокен району,Арал
Ноокен району,Интернационал
Ноокен району,Рассвет
Ноокен району,Чертак-Таш
Ноокен району,Черёмушки
Ноокен району,Бүргөндү
Ноокен району,Жаңы-Арык
Ноокен району,Жеңиш
Ноокен району,Кичи-Бүргөндү
Ноокен району,Кокондук
Ноокен району,Курама
Ноокен району,Кызыл-Кыя
Ноокен району,Ноошкен
Ноокен району,Ууру-Жар
Ноокен району,Достук
Ноокен району,Шамалды-Сай
Ноокен району,Шынг-Сай
Ноокен району,Кудук
Ноокен району,Кызыл-Туу
Ноокен району,Сары-Камыш
Ноокен району,Масы
Ноокен району,Апыртан
Ноокен району,Беш-Жыгач
Ноокен району,Бөгөт
Ноокен району,Кызыл-Туу
Ноокен району,Момбеков
Ноокен району,Бостон
Ноокен району,Жазгак
Ноокен району,Жаңы-Кыштак
Ноокен району,Көк-Таш
Ноокен району,Кочкор-Ата
Ноокен району,Курулуш
Ноокен району,Чек
Ноокен району,Курулуш
Ноокен району,Кара-Булак
Ноокен району,Киров
Ноокен району,Коминтерн
Ноокен району,Кызыл-Жылдыз
Ноокен району,Параканда
Ноокен району,Рахманжан
Ноокен району,Сакалды
Ноокен району,Аримжан
Ноокен району,Бөбүй
Ноокен району,Кагазды
Ноокен району,Кызыл-Кыргызстан
Ноокен району,Чек
Ноокен району,Чоң-Багыш
Ноокен району,Алма
Ноокен району,Бирдик
Ноокен району,Жаңы-Арык
Ноокен району,Жон-Арык
Ноокен району,Көк-Айдар
Ноокен району,Тоскоол
Ноокен району,Эски-Масы
Сузак району,Көк-Жаңгак шаары
Сузак району,Багыш
Сузак району,Беш-Бала
Сузак району,Кедей-Арык
Сузак району,Кызыл-Туу
Сузак району,Октябрь
Сузак району,Сары-Булак
Сузак району,Сафаровка
Сузак району,Ачы
Сузак району,Боз-Чычкан
Сузак району,Беш-Мойнок
Сузак району,Жаңы-Айыл
Сузак району,Жар-Кыштак
Сузак району,Дөбөй
Сузак району,Канды
Сузак району,Комсомол
Сузак району,Миң-Өрүк
Сузак району,Маркай
Сузак району,Пригородный
Сузак району,Сай
Сузак району,Таштак
Сузак району,Төөлөс
Сузак району,Түрк-Маала
Сузак району,Үлгү
Сузак району,Чаңгет-Сай
Сузак району,Чеке-Дөбө
Сузак району,Чокмор
Сузак району,Кара-Алма
Сузак району,Орток
Сузак району,Туура-Жаңгак
Сузак району,Урумбаш
Сузак району,Арал
Сузак району,Төш
Сузак району,Чаңгыр-Таш
Сузак району,Комсомол
Сузак району,Михайловка
Сузак району,Подгорное
Сузак району,Үч-Малай
Сузак району,Жоон-Күнгөй
Сузак району,Калмак-Кырчын
Сузак району,Канжыга
Сузак району,Кара-Чолок
Сузак району,Сары-Булак
Сузак району,Саты
Сузак району,Таран-Базар
Сузак району,Урумбаш
Сузак району,Кыз-Көл
Сузак району,Ак-Булак
Сузак району,Ак-Тоок
Сузак району,Жаңы-Арык
Сузак району,Жылан-Темир
Сузак району,Карамарт
Сузак району,Каду
Сузак району,Кара-Булак
Сузак району,Катыраңкы
Сузак району,Кашка-Терек
Сузак району,Кызыл-Кыя
Сузак району,Сары-Булак
Сузак району,Ак-Баш
Сузак району,Ак-Булак
Сузак району,Ак-Терек
Сузак району,Акчалуу
Сузак району,Алмалуу-Булак
Сузак району,Алчалуу
Сузак району,Бостон
Сузак району,Жаңы-Ачы
Сузак району,Жашасын-2
Сузак району,Кара-Инген
Сузак району,Кара-Көл
Сузак району,Кашка-Суу
Сузак району,Кызыл-Алма
Сузак району,Кызыл-Сеңир
Сузак району,Мундуз
Сузак району,Орто-Азия
Сузак району,Соку-Таш
Сузак району,Талаа-Булак
Сузак району,Таштак
Сузак району,Шатрак
Сузак району,Ленин
Сузак району,Жыгач-Коргон
Сузак району,Орто-Сай
Сузак району,Балта-Казы
Сузак району,Бек-Абад
Сузак району,Бостон
Сузак району,Бөкөй
Сузак району,Жаңы-Жер
Сузак району,Жийде
Сузак району,Кайнар
Сузак району,Кара-Жыгач
Сузак району,Кашкар-Маала
Сузак району,Кызыл-Багыш
Сузак району,Кыргыз-Абад
Сузак району,Мундуз
Сузак району,Найман
Сузак району,Таш-Булак
Сузак району,Түрк-Абад
Сузак району,Өзбек-Абад
Сузак району,Чек
Сузак району,Ширин
Сузак району,Сузак
Сузак району,Арал
Сузак району,Благовещенка
Сузак району,Достук
Сузак району,Жаңы-Дыйкан
Сузак району,Камыш-Башы
Сузак району,Кыр-Жол
Сузак району,Садда
Сузак району,Таш-Булак
Сузак району,Арал
Сузак району,Гүлстан
Сузак району,Димитровка
Сузак району,Доскана
Сузак району,Жаңы-Арал
Сузак району,Ирригатор
Сузак району,Теплица
Сузак району,Чолок-Терек
Сузак району,Ынтымак
Сузак району,Эшме
Сузак району,Ырыс
Сузак району,Арал-Сай
Сузак району,Дөмөр
Сузак району,Жар-Кыштак
Сузак району,Кайнар
Сузак району,Кургак-Көл
Сузак району,Күмүш-Азиз
Сузак району,Кыр-Жол
Сузак району,Ладан-Кара
Сузак району,Масадан
Сузак району,Сасык-Булак
Сузак району,Тотуя
Сузак району,Чымчык-Жар
Тогуз-Торо району,Атай
Тогуз-Торо району,Карл Маркс
Тогуз-Торо району,Казарман
Тогуз-Торо району,Кызыл-Жылдыз
Тогуз-Торо району,Макмал
Тогуз-Торо району,Чет-Булак
Тогуз-Торо району,Арал
Тогуз-Торо району,Бирдик
Тогуз-Торо району,Кара-Суу
Тогуз-Торо району,Табылгыты
Тогуз-Торо району,Дөдөмөл
Тогуз-Торо району,Кош-Булак
Тогуз-Торо району,Ленин
Тогуз-Торо району,Өрнөк
Токтогул району,Токтогул шаары
Токтогул району,Кара-Жыгач
Токтогул району,Көтөрмө
Токтогул району,Торкент
Токтогул району,Алмалуу
Токтогул району,Толук
Токтогул району,Ноот
Токтогул району,Чаар-Таш
Токтогул району,Бел-Алды
Токтогул району,Коргон
Токтогул району,Сары-Сөгөт
Токтогул району,Жаңы-Жол
Токтогул району,Арал
Токтогул району,Кара-Суу
Токтогул району,Комсомол
Токтогул району,Куйбышев
Токтогул району,Кызыл-Туу
Токтогул району,Беке-Чал
Токтогул району,Терек-Суу
Токтогул району,Чоң-Арык
Токтогул району,Эшсай
Токтогул району,Кызыл-Өзгөрүш
Токтогул району,Ак-Жар
Токтогул району,Аң-Арык
Токтогул району,Бел-Кара-Суу
Токтогул району,Бууракан
Токтогул району,Жар-Таш
Токтогул району,Камыш-Башы
Токтогул району,Коңур-Өгүз
Токтогул району,Кош-Таш
Токтогул району,Орто-Жон
Токтогул району,Чеч-Дөбө
Токтогул району,Шайык
Токтогул району,Ничке-Сай
Токтогул району,Чоргочу
Токтогул району,Бирлик
Токтогул району,Көтөрмө
Токтогул району,Үч-Терек
Токтогул району,Жетиген
Токтогул району,Кызыл-Ураан
Токтогул району,Саргата
Токтогул району,Такталык
Токтогул району,Чолпон-Ата
Токтогул району,Ак-Тектир
Токтогул району,Балыкты
Токтогул району,Кара-Күңгөй
Токтогул району,Кушчу-Суу
Токтогул району,Мазар-Суу
Чаткал району,Каныш-Кыя
Чаткал району,Айгыр-Жал
Чаткал району,Башкы-Терек
Чаткал району,Коргон-Сай
Чаткал району,Кызыл-Токой
Чаткал району,Чакмак-Суу
Чаткал району,Жер-Капчыгай
Чаткал району,Кайың-Суу
Чаткал району,Кара-Булак
Чаткал району,Кара-Суу
Чаткал району,Сумсар
Чаткал району,Мончок-Дөбө
Чаткал району,Шекафтар
Чаткал району,Терек-Сай
Чаткал району,Ак-Терек
Чаткал району,Болуш
Чаткал району,Ак-Таш
Чаткал району,Беш-Арал
Чаткал району,Жаңы-Базар
Чаткал району,Курулуш
Чаткал району,Чандалаш
Жалал-Абад шаары,Камандар
Жалал-Абад шаары,Качкынчы
Жалал-Абад шаары,Көлмө
Жалал-Абад шаары,Кызыл-Кыргызстан
Жалал-Абад шаары,Кызыл-Суу
Жалал-Абад шаары,Таш-Кутчу
Жалал-Абад шаары,Тельман
Кара-Көл шаары,Жазы-Кечүү
Майлуу-Суу шаары,Көк-Таш
Таш-Көмүр шаары,Кашкулак
Таш-Көмүр шаары,Кудук-Сай
Таш-Көмүр шаары,Кызыл-Алма
Таш-Көмүр шаары,Теңдик
Таш-Көмүр шаары,Чүйүт-Сай
Ак-Талаа району,Ак-Тал
Ак-Талаа району,Ак-Чий
Ак-Талаа району,Жаңы-Тилек
Ак-Талаа району,Баетов
Ак-Талаа району,Кайыңды-Булак
Ак-Талаа району,Жаңы-Талап
Ак-Талаа району,Жерге-Тал
Ак-Талаа району,Чолок-Кайың
Ак-Талаа району,Кара-Бүргөн
Ак-Талаа району,Көк-Жар
Ак-Талаа району,Ак-Кыя
Ак-Талаа району,Коңорчок
Ак-Талаа району,Кош-Дөбө
Ак-Талаа району,Кадыралы
Ак-Талаа району,Терек
Ак-Талаа району,Орто-Сырт
Ак-Талаа району,Кара-Ой
Ак-Талаа району,Үгүт
Ак-Талаа району,Байгөнчөк
Ат-Башы району,Ак-Жар
Ат-Башы району,Калинин
Ат-Башы району,Терек-Суу
Ат-Башы району,Ак-Моюн
Ат-Башы району,Бирдик
Ат-Башы району,Ак-Муз
Ат-Башы району,Ат-Башы
Ат-Башы району,Ача-Кайыңды
Ат-Башы району,Баш-Кайыңды
Ат-Башы району,Большевик
Ат-Башы району,Казыбек
Ат-Башы району,Жыңы-Күч
Ат-Башы району,Кызыл-Туу
Ат-Башы району,Кара-Булуң
Ат-Башы району,Кара-Суу
Ат-Башы району,Дыйкан
Ат-Башы району,Талды-Суу
Ат-Башы району,Биринчи Май
Ат-Башы району,Өзгөрүш
Жумгал району,Байзак
Жумгал району,Баш-Кууганды
Жумгал району,Жумгал
Жумгал району,Лама
Жумгал району,Табылгыты
Жумгал району,Арал
Жумгал району,Кең-Суу
Жумгал району,Котур-Суу
Жумгал району,Кызыл-Коргон
Жумгал району,Сары-Булуң
Жумгал району,Табылгы
Жумгал району,Көк-Ой
Жумгал району,Кичи-Арал
Жумгал району,Куйручук
Жумгал району,Кызыл-Жылдыз
Жумгал району,Миң-Куш
Жумгал району,Кызыл-Сөөк
Жумгал району,Таш-Дөбө
Жумгал району,Түгөл-Сай
Жумгал району,Эпкин
Жумгал району,Чаек
Жумгал району,Ак-Татыр
Жумгал району,Беш-Терек
Жумгал району,Чукур-Аксеки
Жумгал району,Шортон
Жумгал району,Чоң-Дөбө
Кочкор району,Кара-Суу
Кочкор району,Жаңы-Жол
Кочкор району,Мантыш
Кочкор району,Ак-Талаа
Кочкор району,Кара-Мойнок
Кочкор району,Кызыл-Дөбө
Кочкор району,Орток
Кочкор району,Көк-Жар
Кочкор району,Кочкор
Кочкор району,Большевик
Кочкор району,Теңдик
Кочкор району,Кара-Саз
Кочкор району,Кара-Күңгөй
Кочкор району,Кум-Дөбө
Кочкор району,Ак-Жар
Кочкор району,Бугучу
Кочкор району,Шамшы
Кочкор району,Ак-Кыя
Кочкор району,Сары-Булак
Кочкор району,Кара-Тоо
Кочкор району,Арсы
Кочкор району,Семиз-Бел
Кочкор району,Чекилдек
Кочкор району,Төлөк
Кочкор району,Дөң-Алыш
Кочкор району,Комсомол
Кочкор району,Чолпон
Кочкор району,Ак-Чий
Кочкор району,Ара-Көл
Кочкор району,Оро-Башы
Кочкор району,Осовиахим
Кочкор району,Тармал-Саз
Кочкор району,Туз
Кочкор району,Узун-Булак
Кочкор району,Эпкин
Нарын району,Сегизинчи Март
Нарын району,Ак-Кудук
Нарын району,Шоро
Нарын району,Достук
Нарын району,Дөбөлү
Нарын району,Алыш
Нарын району,Кеңеш
Нарын району,Жан-Булак
Нарын району,Жерге-Тал
Нарын району,Жалгыз-Терек
Нарын району,Кызыл-Жылдыз
Нарын району,Казан-Куйган
Нарын району,Кара-Үңкүр
Нарын району,Лакол
Нарын району,Жер-Көчкү
Нарын району,Куйбышев
Нарын району,Миң-Булак
Нарын району,Өрнөк
Нарын району,Эчки-Башы
Нарын району,Оттук
Нарын району,Таш-Башат
Нарын району,Кайыңды
Нарын району,Өрүк-Там
Нарын району,Тамды-Суу
Нарын району,Эки-Нарын
Нарын району,Сары-Ой
Нарын району,Жылан-Арык
Нарын району,Куланак
Нарын району,Учкун
Нарын району,Орто-Нура
Нарын району,Ак-Булуң
Нарын району,Ак-Кыя
Нарын району,Ийри-Суу
Нарын району,Орто-Саз
Нарын району,Өрүк-Там
Нарын району,Төш-Булак
Нарын району,Чет-Нура
Нарын району,Ак-Талаа
Нарын району,Тегерек
Нарын району,Эмгек-Талаа
Нарын району,Эмгекчил
Алай району,Аскалы
Алай району,Жерге-Тал
Алай району,Колдук
Алай району,Сопу-Коргон
Алай району,Таргалак
Алай району,Терек
Алай району,Чий-Талаа
Алай району,Кара-Суу
Алай району,Кайнама
Алай району,Тамга-Терек
Алай району,Кум-Шоро
Алай району,Октябрь
Алай району,Оро-Дөбө
Алай району,Кошулуш
Алай району,Кичи-Бүлөлү
Алай району,Көл-Чаты
Алай району,Чоң-Бүлөлү
Алай району,Гүлчө
Алай району,Жылы-Суу
Алай району,Кара-Булак
Алай району,Курманжан Датка
Алай району,Таш-Короо
Алай району,Чакмак
Алай району,Жаңы-Алай
Алай району,Жаңы-Арык
Алай району,Аюу-Тапан
Алай району,Жаңы-Турмуш
Алай району,Коммунизм
Алай району,Ленин-Жол
Алай району,Миязды
Алай району,Орто-Суу
Алай району,Осоавиахим
Алай району,Арпа-Тектир
Алай району,Боз-Караган
Алай району,Жар-Кыштак
Алай району,Кара-Шоро
Алай району,Кызыл-Ой
Алай району,Кабылан-Кол
Алай району,Күңгөй
Алай району,Кара-Жыгач
Алай району,Курулуш
Алай району,Арал
Алай району,Биринчи Май
Алай району,Кең-Жылга
Алай району,Тогуз-Булак
Алай району,Гагарин
Алай району,Күң-Элек
Алай району,Мурдаш
Алай району,Согонду
Алай району,Сары-Могол
Алай району,Сары-Таш
Алай району,Көк-Суу
Алай району,Нура
Алай району,Талды-Суу
Алай району,Арча-Булак
Алай району,Көк-Булак
Алай району,Кургак
Алай району,Сары-Могол
Алай району,Ак-Босого
Алай району,Ак-Жай
Алай району,Гежиге
Алай району,Кызыл-Алай
Алай району,Кичи-Каракол
Алай району,Чоң-Каракол
Араван району,Араван
Араван району,Аччи
Араван району,Жаңы-Араван
Араван району,Кара-Булак
Араван району,Маданият
Араван району,Сасык-Үңкүр
Араван району,Пахта-Абад
Араван району,Гүлбахор
Араван району,Кичик-Алай
Араван району,Күндөлүк
Араван району,Майдан-Тал
Араван району,Миң-Теке
Араван району,Сары-Булак
Араван району,Чогом
Араван району,Мангыт
Араван району,Жаңы-Арык
Араван району,Кесек
Араван району,Кызыл-Коргон
Араван району,Төлөйкөн
Араван району,Кайгарач-Ачык
Араван району,Какыр-Пилтан
Араван району,Лангар
Араван району,Араван
Араван району,Каррак
Араван району,Октябрь
Араван району,Сүткор
Араван району,Эрке-Кашка
Араван району,Ак-Шор
Араван району,Жеке-Мисте
Араван району,Керкидан
Араван району,Найман
Араван району,Сары-Таш
Араван району,Сырт
Араван району,Хауз
Араван району,Тепе-Коргон
Араван району,Арап
Араван району,Интернационал
Араван району,Кесов
Араван району,Уйгур-Абад
Араван району,Чертик
Араван району,Янги-Абад
Араван району,Янги-Юл
Араван району,Агроном
Араван району,Жакшылык
Араван району,Жар-Кыштак
Араван району,Көчүбаев
Араван району,Кукалапаш
Араван району,Максим-Тобу
Араван району,Пахтачы
Араван району,Төлөйкөн
Кара-Кулжа району,Ара-Булак
Кара-Кулжа району,Бөрү-Токой
Кара-Кулжа району,Желе-Төбө
Кара-Кулжа району,Кан-Коргон
Кара-Кулжа району,Көк-Арт
Кара-Кулжа району,Сай-Талаа
Кара-Кулжа району,Кара-Таш
Кара-Кулжа району,Ничке-Суу
Кара-Кулжа району,Сары-Бээ
Кара-Кулжа району,Терек-Суу
Кара-Кулжа району,Алтын-Күрөк
Кара-Кулжа району,Жаңы-Талаа
Кара-Кулжа району,Жетим-Дөбө
Кара-Кулжа району,Калматай
Кара-Кулжа району,Кара-Жыгач
Кара-Кулжа району,Насирдин
Кара-Кулжа району,Кара-Кочкор
Кара-Кулжа району,Ак-Кыя
Кара-Кулжа району,Кашка-Жол
Кара-Кулжа району,Сары-Булак
Кара-Кулжа району,Кара-Кулжа
Кара-Кулжа району,Бий-Мырза
Кара-Кулжа району,Биринчи Май
Кара-Кулжа району,Сары-Камыш
Кара-Кулжа району,Жаңы-Талап
Кара-Кулжа району,Жийде
Кара-Кулжа району,Октябрь
Кара-Кулжа району,Тоготой
Кара-Кулжа району,Ынтымак
Кара-Кулжа району,Кеңеш
Кара-Кулжа району,Пор
Кара-Кулжа району,Кызыл-Жар
Кара-Кулжа району,Кайың-Талаа
Кара-Кулжа району,Коо-Чаты
Кара-Кулжа району,Күйөташ
Кара-Кулжа району,Терек
Кара-Кулжа району,Чычырканак
Кара-Кулжа району,Ой-Тал
Кара-Кулжа району,Кондук
Кара-Кулжа району,Сары-Булак
Кара-Кулжа району,Кара-Булак
Кара-Кулжа району,Конокбай-Талаа
Кара-Кулжа району,Кызыл-Булак
Кара-Кулжа району,Сары-Күңгөй
Кара-Кулжа району,Тегерек-Саз
Кара-Кулжа району,Тогуз-Булак
Кара-Кулжа району,Беш-Кемпир
Кара-Кулжа району,Буйга
Кара-Кулжа району,Орто-Талаа
Кара-Кулжа району,Токбай-Талаа
Кара-Кулжа району,Ылай-Талаа
Кара-Кулжа району,Жылкол
Кара-Кулжа району,Шаркыратма
Кара-Кулжа району,Сай
Кара-Кулжа району,Сары-Таш
Кара-Суу району,Кара-Суу шаары
Кара-Суу району,Ак-Таш
Кара-Суу району,Барак
Кара-Суу району,Жылкелди
Кара-Суу району,Жаңы-Арык
Кара-Суу району,Ак-Терек
Кара-Суу району,Правда
Кара-Суу району,Таш-Арык
Кара-Суу району,Агартуу
Кара-Суу району,Большевик
Кара-Суу району,Гайрат
Кара-Суу району,Зарбалик
Кара-Суу району,Калинин
Кара-Суу району,Коммунизм
Кара-Суу району,Кызыл-Кошчу
Кара-Суу району,Кызыл-Сарай
Кара-Суу району,Маданият
Кара-Суу району,Мамажан
Кара-Суу району,Питомник
Кара-Суу району,Ачы
Кара-Суу району,Баш-Булак
Кара-Суу району,Жаңы-Турмуш
Кара-Суу району,Кара-Сөгөт
Кара-Суу району,Кичик
Кара-Суу району,Кызыл-Ордо
Кара-Суу району,Садырбай
Кара-Суу району,Талдык
Кара-Суу району,Торгой-Булак
Кара-Суу району,Эшме
Кара-Суу району,Кашгар-Кыштак
Кара-Суу району,Алга-Бас
Кара-Суу району,Анжиян-Махалла
Кара-Суу району,Бек-Жар
Кара-Суу району,Кенжекул
Кара-Суу району,Монок
Кара-Суу району,Тажик-Махалла
Кара-Суу району,Кызыл-Кыштак
Кара-Суу району,Анжиян
Кара-Суу району,Бел-Кыштак
Кара-Суу району,Жаңы-Кыштак
Кара-Суу району,Карл Маркс
Кара-Суу району,Коммунист
Кара-Суу району,Кызыл-Байрак
Кара-Суу району,Ак-Жар
Кара-Суу району,Алпордо
Кара-Суу району,Коргон
Кара-Суу району,Миялы
Кара-Суу району,Талаа
Кара-Суу району,Учкун
Кара-Суу району,Чайчи
Кара-Суу району,Мады
Кара-Суу району,Асанчек
Кара-Суу району,Жоош
Кара-Суу району,Кыргыз-Чек
Кара-Суу району,Каарман
Кара-Суу району,Лаглан
Кара-Суу району,Октябрь
Кара-Суу району,Социализм
Кара-Суу району,Тээке
Кара-Суу району,Учкун
Кара-Суу району,Чагыр
Кара-Суу району,Нариман
Кара-Суу району,Алим-Тепе
Кара-Суу району,Бешмойнок
Кара-Суу району,ВЛКСМ
Кара-Суу району,Жаңы-Махалла
Кара-Суу району,Жийдалик
Кара-Суу району,Жим
Кара-Суу району,Каратай
Кара-Суу району,Куранкол
Кара-Суу району,Кызыл-Мехнат
Кара-Суу району,Лангар
Кара-Суу району,Нурдар
Кара-Суу району,Осмон
Кара-Суу району,Тажикабад
Кара-Суу району,Отуз-Адыр
Кара-Суу району,Жаңы-Кызыл-Суу
Кара-Суу району,Кара-Дөбө
Кара-Суу району,Кызыл-Абад
Кара-Суу району,Кыш-Абад
Кара-Суу району,Савай-Арык
Кара-Суу району,Тынчтык
Кара-Суу району,Фуркат
Кара-Суу району,Ынтымак
Кара-Суу району,Папан
Кара-Суу району,Ак-Буура-1
Кара-Суу району,Ак-Буура-2
Кара-Суу району,Ак-Буура-3
Кара-Суу району,Ак-Буура-4
Кара-Суу району,Ак-Терек
Кара-Суу району,Алчалы
Кара-Суу району,Ата-Мерек
Кара-Суу району,Андагул
Кара-Суу району,Бөрү
Кара-Суу району,Жаны-Турмуш
Кара-Суу району,Жар-Башы
Кара-Суу району,Камыр-Суу
Кара-Суу району,Карагур
Кара-Суу району,Кожо-Келең
Кара-Суу району,Кызыл-Туу
Кара-Суу району,Тогуз-Булак
Кара-Суу району,Чычкан-Көл
Кара-Суу району,Савай
Кара-Суу району,Кызыл-Шарк
Кара-Суу району,Кең-Сай
Кара-Суу району,Кечкен-Жар
Кара-Суу району,Курбан-Кара
Кара-Суу району,Кыдырша
Кара-Суу району,Октябрь
Кара-Суу району,Султан- Абад
Кара-Суу району,Ынтымак
Кара-Суу району,Ак-Оргоо
Кара-Суу району,Киров
Кара-Суу району,Коңурат
Кара-Суу району,Присавай
Кара-Суу району,Тельман
Кара-Суу району,Эркин
Кара-Суу району,Сары-Колот
Кара-Суу району,Ак-Колот
Кара-Суу району,Шерали
Кара-Суу району,Курбан-Кара
Кара-Суу району,Присавай
Кара-Суу району,Тынчтык
Кара-Суу району,Төлөйкөн
Кара-Суу району,Бодур-Таш
Кара-Суу району,Дыйкан-Кыштак
Кара-Суу району,Жапалак
Кара-Суу району,Кыргызстан
Кара-Суу району,Өзгүр
Кара-Суу району,Учар
Кара-Суу району,Шарк
Кара-Суу району,Имам-Ата
Кара-Суу району,Маданият
Кара-Суу району,Таштак
Кара-Суу району,Топ-Терек
Кара-Суу району,Фуркат
Кара-Суу району,Медресе
Ноокат району,Ноокат шаары
Ноокат району,Бел
Ноокат району,Борбаш
Ноокат району,Жаш
Ноокат району,Таш-Булак
Ноокат району,Гүлстан
Ноокат району,Беш-Коргон
Ноокат району,Бостон
Ноокат району,Чоң-Кыштоо
Ноокат району,Фрунзе
Ноокат району,Жаңы-Ноокат
Ноокат району,Дөң-Кыштак
Ноокат району,Жандама
Ноокат району,Катта-Тал
Ноокат району,Кызыл-Тейит
Ноокат району,Күнгөй-Хасана
Ноокат району,Мончок-Дөбө
Ноокат району,Темир-Корук
Ноокат району,Тескей
Ноокат району,Айбек
Ноокат району,Ак-Чабуу
Ноокат району,Интернационал
Ноокат району,Караке
Ноокат району,Коммунизм
Ноокат району,Өсөр
Ноокат району,Таштак
Ноокат району,Үч-Бай
Ноокат району,Чучук
Ноокат району,Ятан
Ноокат району,Жаңы-Базар
Ноокат району,Жаңы-Коргон
Ноокат району,Кичи-Алай
Ноокат району,Кожоке
Ноокат району,Фёдоров
Ноокат району,Чеч-Дөбө
Ноокат району,Кара-Таш
Ноокат району,Нойгут
Ноокат району,Ак-Терек
Ноокат району,Арбын
Ноокат району,Байыш
Ноокат району,Батуу
Ноокат району,Дары-Булак
Ноокат району,Куу-Майдан
Ноокат району,Шанкол
Ноокат району,Чегеден
Ноокат району,Көк-Бел
Ноокат району,Кайыңды
Ноокат району,Абшыр-Ата
Ноокат району,Акчал
Ноокат району,Арык-Тейит
Ноокат району,Баглан
Ноокат району,Кожо-Арык
Ноокат району,Кош-Дөбө
Ноокат району,Кулуштан
Ноокат району,Кызыл-Булак
Ноокат району,Алашан
Ноокат району,Борбаш
Ноокат району,Жийде
Ноокат району,Каранай
Ноокат району,Көк-Жар
Ноокат району,Сарыканды
Ноокат району,Кыргыз-Ата
Ноокат району,Ак-Булак
Ноокат району,Борко
Ноокат району,Кара-Ой
Ноокат району,Кара-Таш
Ноокат району,Көтөрмө
Ноокат району,Таш-Булак
Ноокат району,Арал
Ноокат району,Барын
Ноокат району,Будайлык
Ноокат району,Капчыгай
Ноокат району,Кара-Кокту
Ноокат району,Чапаев
Ноокат району,Найман
Ноокат району,Улуу-Тоо
Ноокат району,Он Эки-Бел
Ноокат району,Мырза-Найман
Ноокат району,Нарай
Ноокат району,Он-Эки-Мойнок
Ноокат району,Өрнөк
Ноокат району,Ай-Тамга
Ноокат району,Герей-Шорон
Ноокат району,Додон
Ноокат району,Жайылма
Ноокат району,Кеңеш
Ноокат району,Меркит
Ноокат району,Муркут
Ноокат району,Толман
Ноокат району,Ынтымак
Ноокат району,Акшар
Ноокат району,Арык-Бою
Ноокат району,Беш-Буркан
Ноокат району,Дон-Маала
Ноокат району,Ничке-Суу
Ноокат району,Таш-Булак
Ноокат району,Челекчи
Өзгөн району,Өзгөн шаары
Өзгөн району,Ак-Жар
Өзгөн району,Большевик
Өзгөн району,Какыр
Өзгөн району,Семиз-Көл
Өзгөн району,Алтын-Булак
Өзгөн району,Кара-Баткак
Өзгөн району,Кандава
Өзгөн району,Сасык-Булак
Өзгөн району,Таш-Башат
Өзгөн району,Чечебай
Өзгөн району,Жаңы-Жол
Өзгөн району,Кашка-Терек
Өзгөн району,Кеңеш
Өзгөн району,Кош-Корогон
Өзгөн району,Кызыл-Кырман
Өзгөн району,Ден-Булак
Өзгөн району,Бакмал
Өзгөн району,Бабашуулу
Өзгөн району,Бөксө-Жол
Өзгөн району,Жаңы-Абад
Өзгөн району,Кара-Дарыя
Өзгөн району,Мичурин
Өзгөн району,Өзгөрүш
Өзгөн району,Төөлөс
Өзгөн району,Чимбай
Өзгөн району,Ак-Терек
Өзгөн району,Кара-Тарык
Өзгөн району,Карл Маркс
Өзгөн району,Киров
Өзгөн району,Кысык-Алма
Өзгөн району,Курбу-Таш
Өзгөн району,Туз-Бел
Өзгөн району,Үчкаптал
Өзгөн району,Жыланды
Өзгөн району,Ботомойнок
Өзгөн району,Калта
Өзгөн району,Красный Маяк
Өзгөн району,Прогресс
Өзгөн району,Яссы
Өзгөн району,Заргер
Өзгөн району,Аюу
Өзгөн району,Жаңы-Айыл
Өзгөн району,Кайрат
Өзгөн району,Кутурган
Өзгөн району,Ничке-Сай
Өзгөн району,Токтогул
Өзгөн району,Тосой
Өзгөн району,Жазы
Өзгөн району,Жээренчи
Өзгөн району,Кара-Дыйкан
Өзгөн району,Кызыл-Дыйкан
Өзгөн району,Ак-Терек
Өзгөн району,Жаңгакты
Өзгөн району,Жийде
Өзгөн району,Кара-Колот
Өзгөн району,Корс-Этти
Өзгөн району,Кыргызстан
Өзгөн району,Орказган
Өзгөн району,Ийрек
Өзгөн району,Коргон
Өзгөн району,Үңкүр
Өзгөн району,Ынтымак
Өзгөн району,Элчибек
Өзгөн району,Кароол
Өзгөн району,Жан-Шоро
Өзгөн району,Мырза-Арык
Өзгөн району,Орто-Арык
Өзгөн району,Шералы
Өзгөн району,Шамал-Терек
Өзгөн району,Чалк-Өйдө
Өзгөн району,Курбаш
Өзгөн району,Шагым
Өзгөн району,Эрдик
Өзгөн району,Кызыл-Октябрь
Өзгөн району,Алга
Өзгөн району,Беш-Абышка
Өзгөн району,Гузар
Өзгөн району,Кочкор-Ата
Өзгөн району,Кремль
Өзгөн району,Курбаш
Өзгөн району,Кызыл-Сенгир
Өзгөн району,Старая Покровка
Өзгөн району,Ынтымак
Өзгөн району,Кызыл-Тоо
Өзгөн району,Ак-Кыя
Өзгөн району,Донуз-Тоо
Өзгөн району,Карчабек
Өзгөн району,Эркин-Тоо
Өзгөн району,Мырза-Аке
Өзгөн району,Адыр
Өзгөн району,Бабыр
Өзгөн району,Саламалик
Өзгөн району,Ак-Терек
Өзгөн району,Ара-Көл
Өзгөн району,Кош-Этер
Өзгөн району,Кызыл-Байрак
Өзгөн району,Кызыл-Чарба
Өзгөн району,15 Жаш
Өзгөн району,Ана-Кызыл
Өзгөн району,Бостон
Өзгөн району,Шоро-Башат
Өзгөн району,Кыймыл
Өзгөн району,Макаренко
Өзгөн району,Чаңгет
Өзгөн району,Өстүрүү
Чоң-Алай району,Жекенди
Чоң-Алай району,Шибээ
Чоң-Алай району,Карамык
Чоң-Алай району,Кара-Тейит
Чоң-Алай району,Чулук
Чоң-Алай району,Кашка-Суу
Чоң-Алай району,Ачык-Суу
Чоң-Алай району,Бурган-Суу
Чоң-Алай району,Жайылма
Чоң-Алай району,Кабык
Чоң-Алай району,Кара-Кабак
Чоң-Алай району,Кичи-Жайылма
Чоң-Алай району,Дароот-Коргон
Чоң-Алай району,Жар-Башы
Чоң-Алай району,Жаш-Тилек
Чоң-Алай району,Жаман-Жар
Чоң-Алай району,Кара-Шыбак
Чоң-Алай району,Кочкорчу
Чоң-Алай району,Кулчу
Чоң-Алай району,Кызыл-Туу
Чоң-Алай району,Кызыл-Эшме
Чоң-Алай району,Сары-Булак
Чоң-Алай району,Чак
Бакай-Ата району,Ак-Дөбө
Бакай-Ата району,Кызыл-Сай
Бакай-Ата району,Кызыл-Чарба
Бакай-Ата району,Кызыл-Октябрь
Бакай-Ата району,Көк-Таш
Бакай-Ата району,Маданият
Бакай-Ата району,Таш-Кудук
Бакай-Ата району,Үр-Малар
Бакай-Ата району,Боо-Терек
Бакай-Ата району,Кең-Арал
Бакай-Ата району,Бакай-Ата
Бакай-Ата району,Наматбек
Бакай-Ата району,Миң-Булак
Бакай-Ата району,Өзгөрүш
Бакай-Ата району,Кыргызстан
Бакай-Ата району,Жон-Коргон
Бакай-Ата району,Биринчи Май
Бакай-Ата району,Ынтымак
Бакай-Ата району,Түйтө
Кара-Буура району,Жоон-Дөбө
Кара-Буура району,Жийде
Кара-Буура району,Аманбаев
Кара-Буура району,Ак-Жар
Кара-Буура району,Куру-Маймак
Кара-Буура району,Суулу-Маймак
Кара-Буура району,Ак-Башат
Кара-Буура району,Кара-Сай
Кара-Буура району,Бакыян
Кара-Буура району,Тамчы-Булак
Кара-Буура району,Камаш
Кара-Буура району,Бейшеке
Кара-Буура району,Кара-Буура
Кара-Буура району,Кара-Суу
Кара-Буура району,Кызыл-Адыр
Кара-Буура району,Чоң-Кара-Буура
Кара-Буура району,Үч-Булак
Кара-Буура району,Көк-Сай
Кара-Буура району,Кайнар
Кара-Буура району,Маймак
Кара-Буура району,Чымгент
Кара-Буура району,Көк-Дөбө
Кара-Буура району,Шекер
Кара-Буура району,Арчагул
Манас району,Арал
Манас району,Кайыңды
Манас району,Нылды
Манас району,Сары-Булак
Манас району,Чеч-Дөбө
Манас району,Талас
Манас району,Көк-Дөбө
Манас району,Манас
Манас району,Май
Манас району,Новодонецкое
Манас району,Покровка
Манас району,Бала-Сары
Манас району,Жайылган
Манас району,Кара-Арча
Манас району,Сөгөт
Манас району,Кызыл-Жылдыз
Манас району,Ак-Таш
Манас району,Жийде
Манас району,Кеңеш
Манас району,Чоң-Капка
Манас району,Таш-Башат
Манас району,Үч-Коргон
Талас району,Көпүрө-Базар
Талас району,Арал
Талас району,Сасык-Булак
Талас району,Кара-Ой
Талас району,Кеңеш
Талас району,Чоң-Токой
Талас району,Кум-Арык
Талас району,Арашан
Талас району,Козучак
Талас району,Кызыл-Туу
Талас району,Көк-Кашат
Талас району,Чыйырчык
Талас району,Таш-Арык
Талас району,Ак-Жар
Талас району,Орто-Арык
Талас району,Калба
Талас району,Атай Огонбаев
Талас району,Балбал
Талас району,Беш-Таш
Талас району,Кара-Суу
Талас району,Көк-Ой
Талас району,Үч-Эмчек
Талас району,Жон-Арык
Талас району,Көк-Токой
Талас району,Манас
Талас району,Чат-Базар
Талас району,Талды-Булак
Талас району,Ак-Коргон
Аламүдүн району,Кайырма
Аламүдүн району,Молдовановка
Аламүдүн району,Мраморное
Аламүдүн району,Рассвет
Аламүдүн району,Аламүдүн
Аламүдүн району,Садовое
Аламүдүн району,Арашан
Аламүдүн району,Татыр
Аламүдүн району,Байтик
Аламүдүн району,Арчалы
Аламүдүн району,Байгелди
Аламүдүн району,Баш-Кара-Суу
Аламүдүн району,Кашка-Суу
Аламүдүн району,Васильевка
Аламүдүн району,Виноградное
Аламүдүн району,Полевое
Аламүдүн району,Привольное
Аламүдүн району,Гроздь
Аламүдүн району,Ат-Башы
Аламүдүн району,Бирдик
Аламүдүн району,Экинчи Беш Жылдык
Аламүдүн району,Лесное
Аламүдүн району,Кара-Жыгач
Аламүдүн району,Бек-Тоо
Аламүдүн району,Көк-Жар
Аламүдүн району,Лебидиновка
Аламүдүн району,Восток
Аламүдүн району,Дачное
Аламүдүн району,Ленин
Аламүдүн району,Константиновка
Аламүдүн району,Мыкан
Аламүдүн району,Маевка
Аламүдүн району,Октябрь
Аламүдүн району,Лубяное
Аламүдүн району,Чүй
Аламүдүн району,Пригородное
Аламүдүн району,Достук
Аламүдүн району,Озёрное
Аламүдүн району,Степное
Аламүдүн району,Төмөнкү Ала-Арча
Аламүдүн району,Таш-Дөбө
Аламүдүн району,Заречное
Аламүдүн району,Малиновка
Аламүдүн району,Сүймөнкул Чокморов
Аламүдүн району,Таш-Мойнок
Аламүдүн району,Кой-Таш
Аламүдүн району,Беш-Күңгөй
Аламүдүн району,Горная Маевка
Аламүдүн району,Кызыл-Бирдик
Аламүдүн району,Подгорное
Аламүдүн району,Прохладное
Жайыл району,Кара-Балта шаары
Жайыл району,Ак-Башат
Жайыл району,Айдарбек
Жайыл району,Арал
Жайыл району,Новониколаевка
Жайыл району,Алексеевка
Жайыл району,Жайыл
Жайыл району,Кара-Суу
Жайыл району,Ставрополовка
Жайыл району,Калинин
Жайыл району,Калдык
Жайыл району,Кара-Дөбө
Жайыл району,Кызыл-Дыйкан
Жайыл району,Петропавловка
Жайыл району,Полтавка
Жайыл району,Малтабар
Жайыл району,Орто-Суу
Жайыл району,Сары-Булак
Жайыл району,Моңолдор
Жайыл району,Алтын
Жайыл району,Жекен
Жайыл району,Жон-Арык
Жайыл району,Ийри-Суу
Жайыл району,Фёдоровка
Жайыл району,Эриктүү
Жайыл району,Сосновка
Жайыл району,Степное
Жайыл району,Суусамыр
Жайыл району,Кайсар
Жайыл району,Бринчи Май
Жайыл району,Тунук
Жайыл району,Кожомкул
Жайыл району,Каракол
Жайыл району,Кызыл-Ой
Жайыл району,Бекитай
Жайыл району,Бөксө-Жол
Жайыл району,Кайырма
Кемин району,Кемин шаары
Кемин району,Орловка шаары
Кемин району,Борду
Кемин району,Ак-Түз
Кемин району,Алмалуу
Кемин району,Борду
Кемин району,Кызыл-Суу
Кемин району,Боролдой
Кемин району,Кичи-Кемин
Кемин району,Жаңы-Алыш
Кемин району,Ильич
Кемин району,Жаңы-Жол
Кемин району,Советское
Кемин району,Кара-Булак
Кемин району,Алтымыш
Кемин району,Бейшеке
Кемин району,Чуйское
Кемин району,Кайыңды
Кемин району,Кароол-Дөбө
Кемин району,Тегирменти
Кемин району,Кызыл-Октябрь
Кемин району,Белый-Пикет
Кемин району,Жел-Арык
Кемин району,Дорожное
Кемин району,Кашкелең
Кемин району,Кыз-Кыя
Кемин району,Сасык-Булак
Кемин району,Ударник
Кемин району,Чолок
Кемин району,Шабдан
Кемин району,Калмак-Ашуу
Кемин району,Кызыл-Байрак
Кемин району,Тар-Суу
Кемин району,Төрткүл
Кемин району,Чым-Коргон
Кемин району,Новомихайловка
Кемин району,Самансур
Москва району,Ак-Башат
Москва району,Ак-Торпок
Москва району,Бала-Айылчы
Москва району,Кепер-Арык
Москва району,Мураке
Москва району,Төмөн-Суу
Москва району,Чоң-Арык
Москва району,Александровка
Москва району,Беш-Өрүк
Москва району,Крупское
Москва району,Беш-Терек
Москва району,Беловодское
Москва району,Кош-Дөбө
Москва району,Ак-Суу
Москва району,Петровка
Москва району,Заводское
Москва району,Кызыл-Туу
Москва району,Предтеченка
Москва району,Аң-Арык
Москва району,Садовое
Москва району,Сретенка
Москва району,Большевик
Москва району,Заря
Москва району,Төлөк
Москва району,Кыз-Моло
Москва району,Ак-Сөөк
Москва району,Маловодное
Москва району,Спартак
Панфилов району,Кайыңды шаары
Панфилов району,Вознесеновка
Панфилов району,Орто-Кайырма
Панфилов району,Эркин-Сай
Панфилов району,Жайылма
Панфилов району,Панфилов
Панфилов району,Орто-Арык
Панфилов району,Эфиронос
Панфилов району,Күрпүлдөк
Панфилов району,Киров
Панфилов району,Ровное
Панфилов району,Тельман
Панфилов району,Букара
Панфилов району,Кум-Арык
Панфилов району,Чалдыбар
Панфилов району,Чолок-Арык
Панфилов району,Чорголу
Панфилов району,Биринчи Май
Панфилов району,Озёрное
Панфилов району,Октябрь
Панфилов району,Ойронду
Сокулук району,Шопоков шаары
Сокулук району,Асылбаш
Сокулук району,Киров
Сокулук району,Ак-Жол
Сокулук району,Манас
Сокулук району,Лесное
Сокулук району,Төрт-Көл
Сокулук району,Бирнчи Май
Сокулук району,Национальное
Сокулук району,Панфилов
Сокулук району,Военно-Антоновка
Сокулук району,Гавриловка
Сокулук району,Жангарач
Сокулук району,Романовка
Сокулук району,Шалта
Сокулук району,Жаңы-Жер
Сокулук району,Верхневосточное
Сокулук району,Западное
Сокулук району,Зелёное
Сокулук району,Нижневосточное
Сокулук району,Жаңы-Пахта
Сокулук району,Ак-Кашат
Сокулук району,Заря
Сокулук району,Май
Сокулук району,Мирный
Сокулук району,Белек
Сокулук району,Чат-Көл
Сокулук району,Түз
Сокулук району,Жакынкы Арал
Сокулук району,Алыскы Арал
Сокулук району,Бирнчи Май
Сокулук району,Сокулук
Сокулук району,Камышановка
Сокулук району,Күнтуу
Сокулук району,Достук
Сокулук району,Кичи Шалта
Сокулук району,Шалта
Сокулук району,Чоң-Жар
Сокулук району,Кызыл-Туу
Сокулук району,Кара-Сакал
Сокулук району,Маловодное
Сокулук району,Новое
Сокулук району,Токбай
Сокулук району,Төмөнкү Чүй
Сокулук району,Мирное
Сокулук району,Садовое
Сокулук району,Северное
Сокулук району,Степное
Сокулук району,Талтак
Сокулук району,Новопавловка
Сокулук району,Учкун
Сокулук району,Жал
Сокулук району,Жогорку Орок
Сокулук району,Калтар
Сокулук району,Кашка-Баш
Сокулук району,Төмөнкү Орок
Сокулук району,Плодовое
Сокулук району,Сарбан
Сокулук району,Селекционное
Сокулук району,Саз
Сокулук району,Конуш
Сокулук району,Сокулук
Сокулук району,Төш-Булак
Сокулук району,Бөрүлү
Сокулук району,Четинди
Сокулук району,Фрунзе
Сокулук району,Комсомольское
Сокулук району,Озёрное
Сокулук району,Студенческое
Чүй району,Ак-Бешим
Чүй району,Жаңы-Жол
Чүй району,Калыгул
Чүй району,Бурана
Чүй району,Алга
Чүй району,Дөң-Арык
Чүй району,Мээнеткеч
Чүй району,Кошой
Чүй району,Кара-Ой
Чүй району,Кызыл-Аскер
Чүй району,Ленин
Чүй району,Ленин-Жол
Чүй району,Талды-Булак
Чүй району,Искра
Чүй району,Восточное
Чүй району,Жаңы-Турмуш
Чүй району,Железнодорожное
Чүй району,Кара-Дөбө
Чүй району,Кегети
Чүй району,Арпа-Тектир
Чүй району,Акматбек
Чүй району,Советское
Чүй району,Чапаев
Чүй району,Кош-Коргон
Чүй району,Онбир-Жылга
Чүй району,Маданият
Чүй району,Кайырма
Чүй району,Прогресс
Чүй району,Сайлык
Чүй району,Жаңы-Чек
Чүй району,Виноградное
Чүй району,Чүй
Чүй району,Арал
Чүй району,Садовое
Чүй району,Шамшы
Чүй району,Карагул
Чүй району,Кош-Кашат
Чүй району,Чоң-Жар
Ысык-Ата району,Кант шаары
Ысык-Ата району,Ак-Кудук
Ысык-Ата району,Биринчи Май
Ысык-Ата району,Киров
Ысык-Ата району,Котовский
Ысык-Ата району,Хун Чи
Ысык-Ата району,Бирдик
Ысык-Ата району,Хун Чи
Ысык-Ата району,Жээк
Ысык-Ата району,Дмитриевка
Ысык-Ата району,Гагарин
Ысык-Ата району,Ивановка
Ысык-Ата району,Интернационал
Ысык-Ата району,Жар-Башы
Ысык-Ата району,Алмалуу
Ысык-Ата району,Горная Серафимовка
Ысык-Ата району,Жогорку-Ичке-Суу
Ысык-Ата району,Ичке-Суу
Ысык-Ата району,Карагай-Булак
Ысык-Ата району,Норус
Ысык-Ата району,Таш-Башат
Ысык-Ата району,Тогуз-Булак
Ысык-Ата району,Үч-Эмчек
Ысык-Ата району,Кең-Булуң
Ысык-Ата району,Гидростроитель
Ысык-Ата району,Дружба
Ысык-Ата району,Чолпон
Ысык-Ата району,Кеңеш
Ысык-Ата району,Доктурбек Курманалиев
Ысык-Ата району,Будённовка
Ысык-Ата району,Красная Речка
Ысык-Ата району,Новопокровка
Ысык-Ата району,Чоң-Далы
Ысык-Ата району,Люксембург
Ысык-Ата району,Киршёлк
Ысык-Ата району,Милянфан
Ысык-Ата району,Сын-Таш
Ысык-Ата району,Ак-Сай
Ысык-Ата району,Жетиген
Ысык-Ата району,Кызыл-Арык
Ысык-Ата району,Өтөгөн
Ысык-Ата району,Рот-Фронт
Ысык-Ата району,Советское
Ысык-Ата району,Тельман
Ысык-Ата району,Новопокровка
Ысык-Ата району,Ленин
Ысык-Ата району,Сары-Жон
Ысык-Ата району,Нурманбет
Ысык-Ата району,Алиаскар Токтоналиев
Ысык-Ата району,Биринчи Май
Ысык-Ата району,Туз
Ысык-Ата району,Дайырбек
Ысык-Ата району,Жайалма
Ысык-Ата району,Төмөнкү Серафимовка
Ысык-Ата району,Дружба
Ысык-Ата району,Жер-Казар
Ысык-Ата району,Төмөнкү Норус
Ысык-Ата району,Юрьевка
Ысык-Ата району,Ысык-Ата
Ак-Суу району,Ак-Булуң
Ак-Суу району,Ак-Булак
Ак-Суу району,Токтогул
Ак-Суу району,Түргөн
Ак-Суу району,Ак-Чий
Ак-Суу району,Качыбек
Ак-Суу району,Көк-Жайык
Ак-Суу району,Кызыл-Жар
Ак-Суу району,Советское
Ак-Суу району,Бөрү-Баш
Ак-Суу району,Черик
Ак-Суу району,Жыргалаң
Ак-Суу району,Тегизчил
Ак-Суу району,Жаңы-Арык
Ак-Суу району,Кара-Жал
Ак-Суу району,Боз-Булуң
Ак-Суу району,Каракол
Ак-Суу району,Чолпон
Ак-Суу району,Кереге-Таш
Ак-Суу району,Кайырма-Арык
Ак-Суу району,Новоконстантиновка
Ак-Суу району,Пионер
Ак-Суу району,Сары-Камыш
Ак-Суу району,Нововознесеновка
Ак-Суу району,Боз-Учук
Ак-Суу району,Ичке-Жергез
Ак-Суу району,Октябрьское
Ак-Суу району,Жол-Колот
Ак-Суу району,Отуз-Уул
Ак-Суу району,Үч-Кайнар
Ак-Суу району,Отрадное
Ак-Суу району,Орлиное
Ак-Суу району,Шапак
Ак-Суу району,Тепке
Ак-Суу району,Жылдыз
Ак-Суу району,Курбу
Ак-Суу району,Теплоключенка
Ак-Суу району,Лесное
Ак-Суу району,Челпек
Ак-Суу району,Бурма-Суу
Ак-Суу району,Таш-Кыя
Ак-Суу району,Эңилчек
Ак-Суу району,Кең-Суу
Ак-Суу району,Койлуу
Ак-Суу району,Кургак
Ак-Суу району,Май-Саз
Ак-Суу району,Таш-Короо
Ак-Суу району,Эчкили-Таш
Жети-Өгүз району,Мундуз
Жети-Өгүз району,Ак-Дөбө
Жети-Өгүз району,Аң-Өстөн
Жети-Өгүз району,Тилекмат
Жети-Өгүз району,Ак-Шыйрак
Жети-Өгүз району,Культцентр
Жети-Өгүз району,Ыштык
Жети-Өгүз району,Саруу
Жети-Өгүз району,Жууку
Жети-Өгүз району,Ысык-Көл
Жети-Өгүз району,Барскоон
Жети-Өгүз району,Каракол
Жети-Өгүз району,Кара-Сай
Жети-Өгүз району,Сөөк
Жети-Өгүз району,Даркан
Жети-Өгүз району,Ак-Терек
Жети-Өгүз району,Жеңиш
Жети-Өгүз району,Кичи-Жаргылчак
Жети-Өгүз району,Чоң-Жаргылчак
Жети-Өгүз району,Жети-Өгүз
Жети-Өгүз району,Ак-Кочкор
Жети-Өгүз району,Желе-Дөбө
Жети-Өгүз району,Жети-Өгүз (Курорт)
Жети-Өгүз району,Кабак
Жети-Өгүз району,Талды-Булак
Жети-Өгүз району,Чырак
Жети-Өгүз району,Кызыл-Суу
Жети-Өгүз району,Жалгыз-Өрүк
Жети-Өгүз району,Кайнар
Жети-Өгүз району,Покровка Пристаны
Жети-Өгүз району,Липенка
Жети-Өгүз району,Богатыровка
Жети-Өгүз району,Зелёный Гай
Жети-Өгүз району,Ичке-Булуң
Жети-Өгүз району,Оргочор
Жети-Өгүз району,Боз-Бешик
Жети-Өгүз району,Кургак-Айрык
Жети-Өгүз району,Подгорное
Жети-Өгүз району,Светлая Поляна
Жети-Өгүз району,Чоң-Кызыл-Суу
Жети-Өгүз району,Тамга
Жети-Өгүз району,Тосор
Жети-Өгүз району,Алкым
Жети-Өгүз району,Жон-Булак
Жети-Өгүз району,Комсомольское
Жети-Өгүз району,Конкино
Жети-Өгүз району,Ырдык
Ысык-Көл району,Чолпон-Ата шаары
Ысык-Көл району,Жаркынбаев
Ысык-Көл району,Кароол-Дөбө
Ысык-Көл району,Ананьево
Ысык-Көл району,Көк-Дөбө
Ысык-Көл району,Чет-Байсоорун
Ысык-Көл району,Бостери
Ысык-Көл району,Бактуу-Долоноту
Ысык-Көл району,Кара-Ой
Ысык-Көл району,Корумду
Ысык-Көл району,Булан-Сөгөттү
Ысык-Көл району,Чоң-Өрүктү
Ысык-Көл району,Орто-Өрүктү
Ысык-Көл району,Өрүктү-Хутор
Ысык-Көл району,Григорьевка
Ысык-Көл району,Григорьев Пристаны
Ысык-Көл району,Семёновка
Ысык-Көл району,Кожояр
Ысык-Көл району,Тамчы
Ысык-Көл району,Кош-Көл
Ысык-Көл району,Чырпыкты
Ысык-Көл району,Темир
Ысык-Көл району,Кашат
Ысык-Көл району,Тору-Айгыр
Ысык-Көл району,Кызыл-Өрүк
Ысык-Көл району,Сары-Камыш
Ысык-Көл району,Чоң-Сары-Ой
Ысык-Көл району,Баетов
Ысык-Көл району,Өрнөк
Ысык-Көл району,Сары-Ой
Ысык-Көл району,Чок-Тал
Тоң району,Кара-Коо
Тоң району,Ала-Баш
Тоң району,Бар-Булак
Тоң району,Дөң-Талаа
Тоң району,Комсомол
Тоң району,Кызыл-Туу
Тоң району,Эшперов
Тоң району,Ак-Сай
Тоң району,Жер-Үй
Тоң району,Көк-Сай
Тоң району,Кажы-Сай
Тоң району,Көл-Төр
Тоң району,Тогуз-Булак
Тоң району,Коңур-Өлөң
Тоң району,Ак-Өлөң
Тоң району,Көк-Мойнок-Биринчи
Тоң району,Көк-Мойнок-Экинчи
Тоң району,Бөкөнбаев
Тоң району,Арчалы
Тоң району,Төрт-Күл
Тоң району,Темир-Канат
Тоң району,Туура-Суу
Тоң району,Тоң
Тоң району,Ак-Сай
Тоң району,Кажы-Саз
Тоң району,Оттук
Тоң району,Кара-Талаа
Тоң району,Кара-Шаар
Тоң району,Туура-Суу
Тоң району,Шор-Булак
Түп району,Ак-Булак
Түп району,Ак-Булуң
Түп району,Беловодское
Түп району,Фрунзенское
Түп району,Арал
Түп району,Миң-Булак
Түп району,Долон
Түп району,Кош-Дөбө
Түп району,Сары-Дөбө
Түп району,Ысык-Көл
Түп району,Ынтымак
Түп району,Тасма
Түп району,Токтоян
Түп району,Чоң-Тогуз-Бай
Түп району,Кутургу
Түп району,Кичи-Өрүктү
Түп району,Ой-Булак
Түп району,Ой-Тал
Түп району,Михайловка
Түп району,Сан-Таш
Түп району,Байзак
Түп району,Каркыра
Түп району,Кең-Суу
Түп району,Сары-Тологой
Түп району,Балбай
Түп району,Күрмөнтү
Түп району,Талды-Суу
Түп району,Ичке-Суу
Түп району,Көөчү
Түп району,Корумду
Түп району,Тогуз-Булак
Түп району,Сары-Булуң
Түп району,Түп
Түп району,Бирлик
Түп району,Шаты
Түп району,Чоң-Таш
Түп району,Жылуу-Булак
Балыкчы шаары,Орто-Токой
Каракол шаары,Пржевальск-Пристаны
